{
  "standard": {
    "round_times": [
      0.13084154500006662,
      0.19654802500008373,
      0.19707140400009848,
      0.1844627179998497,
      0.19164154600002803,
      0.1933221520000643,
      0.19562799300001643,
      0.1357374819999677,
      0.20297306700012996,
      0.13635567100004664
    ],
    "accuracies": [
      1.0,
      1.0,
      1.0,
      0.27,
      0.275,
      0.35,
      0.26,
      0.26,
      0.26,
      0.26
    ],
    "losses": [
      0.12092300334672725,
      0.048717113154059105,
      0.027939551502592096,
      20.170645414627568,
      7.698953199592628,
      14.354949400629772,
      20.308278190705423,
      20.434181871280785,
      20.446476340796593,
      20.44695562578424
    ],
    "message_sizes_kb": [
      4257.65625,
      4257.65625,
      4257.65625,
      4257.65625,
      4257.65625,
      4257.65625,
      4257.65625,
      4257.65625,
      4257.65625,
      4257.65625
    ],
    "grad_norms": [
      [
        0.4360246692356208,
        0.31910081732735907,
        0.3230080889272707,
        0.2737527847529286,
        0.35157271481914315
      ],
      [
        0.13107214231327657,
        0.12526638301536697,
        0.1137924897068308,
        0.10399072515885502,
        0.07348502613513733
      ],
      [
        0.08159526647966231,
        0.07953674627855717,
        0.0694331308939017,
        0.058369678966784064,
        0.041066785116743096
      ],
      [
        0.05836014044252433,
        0.05640836023214118,
        0.05069532534689532,
        16506.670611148496,
        0.02741740587759036
      ],
      [
        5577305951487635.0,
        2.6334257907696227e+57,
        5540935148350.276,
        16510.55000580888,
        1633223886.0487003
      ],
      [
        2.8918961940020426e+20,
        8.545681587496592e+27,
        2.4245375730998873e+20,
        16538.819661882993,
        2.4270226993542627e+20
      ],
      [
        14942.644902423695,
        691859.1462323747,
        5479.693970222854,
        16495.872839052907,
        0.06917539585740211
      ],
      [
        0.27408690740781755,
        21495.50358625111,
        0.1911769672645262,
        16513.762264361263,
        0.07429843229091337
      ],
      [
        17819.54009891088,
        17198.548699723742,
        0.19130105527673266,
        16511.88136052708,
        0.07548475351432471
      ],
      [
        0.27339017447595904,
        0.14754959441661408,
        0.1898390560119085,
        16464.55285981417,
        0.07576123136697752
      ]
    ]
  },
  "mlkem": {
    "round_times": [
      2.659965157000215,
      2.60139531599998,
      2.586691107999968,
      2.622783045999995,
      2.5667708409998795,
      2.549899109999842,
      2.52650038999991,
      2.514642717000015,
      2.6130721829999857,
      2.5964730780001446
    ],
    "accuracies": [
      1.0,
      1.0,
      1.0,
      0.275,
      0.2,
      0.25,
      0.25,
      0.25,
      0.25,
      0.25
    ],
    "losses": [
      0.12888466680738914,
      0.05092585527860006,
      0.028899945889070983,
      20.032490309047922,
      5.184841299385485,
      17.306388858260345,
      15.777175655595242,
      20.72324688438458,
      19.371917010631684,
      20.72326551539126
    ],
    "message_sizes_kb": [
      4297.734375,
      4297.734375,
      4297.734375,
      4297.734375,
      4297.734375,
      4297.734375,
      4297.734375,
      4297.734375,
      4297.734375,
      4297.734375
    ],
    "kem_times": [
      2.1123307350003415,
      2.0606063570003244,
      2.0612903450000886,
      2.101912667000306,
      2.0567510509997646,
      2.05030295700044,
      2.017870045000109,
      2.0039796109997496,
      2.077773013000069,
      2.0970034010001655
    ]
  },
  "hybrid": {
    "round_times": [
      3.583312767000052,
      3.4121292290001293,
      3.5028605550000975,
      2.783311681999976,
      2.946078775999922,
      2.9294941119999294,
      2.8904051849999632,
      2.8865380600000208,
      2.8399450429999433,
      2.9074339070000406
    ],
    "accuracies": [
      1.0,
      1.0,
      1.0,
      1.0,
      1.0,
      1.0,
      1.0,
      1.0,
      1.0,
      1.0
    ],
    "losses": [
      0.12547571795903587,
      0.050062171476032306,
      0.02832048866676676,
      0.018850069650638967,
      0.014016719736100627,
      0.010985895417979957,
      0.008994897224960765,
      0.007546130014733171,
      0.0064779030271112596,
      0.005654032510874175
    ],
    "message_sizes_kb": [
      110.15625,
      110.15625,
      110.15625,
      88.125,
      88.125,
      88.125,
      88.125,
      88.125,
      88.125,
      88.125
    ],
    "zkp_gen_times": [
      0.005250184000033187,
      0.0030995789998087275,
      0.002891166000154044,
      0.0034180660002220975,
      0.0036061749999589665,
      0.0350714500000322,
      0.003498599999829821,
      0.003507677000015974,
      0.02080815900012567,
      0.0037267559998781508
    ],
    "zkp_ver_times": [
      0.0013353310000638885,
      0.0014426169998387195,
      0.0013143670000772545,
      0.0012333520000993303,
      0.0012496270001065568,
      0.0014606110000841,
      0.0011723310001343634,
      0.001266393000150856,
      0.001337829999783935,
      0.0012460309999369201
    ],
    "he_encrypt_times": [
      1.2629179089997251,
      1.1466691019998052,
      1.2003296710001905,
      0.9567063000001781,
      0.9726626580002176,
      0.9618827720000809,
      0.9446410510001897,
      0.9229896350002491,
      0.9426784280001357,
      0.9956218570000601
    ],
    "he_aggregate_times": [
      6.780400008210563e-05,
      6.725100001858664e-05,
      7.04799999766692e-05,
      5.506200000127137e-05,
      5.522200012819667e-05,
      5.3268000101525104e-05,
      5.378800005928497e-05,
      5.810899983771378e-05,
      6.12519997957861e-05,
      6.447600003411935e-05
    ],
    "he_decrypt_times": [
      0.12941513999999188,
      0.12586956099994495,
      0.11473541700001988,
      0.12873260899982597,
      0.12160962000007203,
      0.12137293199998567,
      0.11936520700010078,
      0.11665119600002072,
      0.13023417800013704,
      0.13111990000015794
    ],
    "malicious_detected": [
      0,
      0,
      0,
      1,
      1,
      1,
      1,
      1,
      1,
      1
    ],
    "zkp_proof_sizes": [
      30880,
      30880,
      30880,
      24704,
      24704,
      24704,
      24704,
      24704,
      24704,
      24704
    ]
  }
}