{
  "standard": {
    "round_times": [
      0.17210520899993753,
      0.12289829399992414,
      0.17539825599988035,
      0.12551617399981296,
      0.18110007099994618,
      0.12109370099983607,
      0.17605712800013862,
      0.11910392899994804,
      0.17774424300000646,
      0.1207261249999192
    ],
    "accuracies": [
      1.0,
      1.0,
      1.0,
      0.33,
      0.135,
      0.26,
      0.325,
      0.235,
      0.235,
      0.23
    ],
    "losses": [
      0.12445257423147803,
      0.04952239137307328,
      0.02844215615619309,
      18.5127841476718,
      23.90083326527806,
      7.072819825723762,
      17.090432676573965,
      21.078038180292193,
      16.507840838271758,
      15.369464337619952
    ],
    "message_sizes_kb": [
      4257.65625,
      4257.65625,
      4257.65625,
      4257.65625,
      4257.65625,
      4257.65625,
      4257.65625,
      4257.65625,
      4257.65625,
      4257.65625
    ],
    "grad_norms": [
      [
        0.46171037677910587,
        0.3254348472284039,
        0.3257498470027792,
        0.27380250501428866,
        0.3048674536392114
      ],
      [
        0.13633985389163494,
        0.12936550027514507,
        0.11355015234931674,
        0.10522889588251857,
        0.07879939498460996
      ],
      [
        0.08072598772299382,
        0.08127938378076141,
        0.07003423504242232,
        0.05930510108317952,
        0.04166354439598192
      ],
      [
        0.058820150570681115,
        0.0590896646003551,
        0.05079422572441686,
        16469.294358116116,
        0.027240014065066636
      ],
      [
        8.340406461767291e+16,
        77877847.12478508,
        1302258146.5275273,
        16543.657773567822,
        203235789895.4542
      ],
      [
        4.4147472597987654e+29,
        1.392023697049047e+25,
        285142993.0400906,
        16544.84001504837,
        3.365671965710809e+17
      ],
      [
        24774191117688.863,
        0.12572718762470778,
        82047718008637.6,
        16470.96100636621,
        48069656652190.03
      ],
      [
        47924881012497.66,
        100981848504900.7,
        11129281029543.893,
        16482.45545022391,
        63336356706176.234
      ],
      [
        511.7246362813753,
        0.25064162974745957,
        0.040039043445067694,
        16486.02972486277,
        0.05348275058685325
      ],
      [
        0.30143211048144725,
        0.25006561445635445,
        0.03916111799893552,
        16476.738415790584,
        0.059448473134980646
      ]
    ]
  },
  "mlkem": {
    "round_times": [
      2.2950696959999277,
      2.348865124999975,
      2.5704286379998393,
      2.439866318999975,
      2.3469573929999115,
      2.293657435999876,
      2.312823797999954,
      2.2633153539998148,
      2.4134688540000298,
      2.4779832419999366
    ],
    "accuracies": [
      1.0,
      1.0,
      1.0,
      0.34,
      0.26,
      0.26,
      0.26,
      0.235,
      0.235,
      0.235
    ],
    "losses": [
      0.12790004909261102,
      0.04989091579268698,
      0.02826831696018017,
      18.236473936512503,
      20.446955625786867,
      20.446955625786867,
      20.446955625786867,
      21.137731153685102,
      21.137731153685102,
      21.137731153685102
    ],
    "message_sizes_kb": [
      4297.734375,
      4297.734375,
      4297.734375,
      4297.734375,
      4297.734375,
      4297.734375,
      4297.734375,
      4297.734375,
      4297.734375,
      4297.734375
    ],
    "kem_times": [
      1.8351792979999573,
      1.885238242999776,
      2.1096619989998544,
      1.9492308299998058,
      1.8972516409999116,
      1.8519501990001572,
      1.8561274679998405,
      1.8057493270000577,
      1.9460749619997841,
      1.9784465299999283
    ]
  },
  "hybrid": {
    "round_times": [
      3.297495257000037,
      3.2749032120000265,
      3.297855876999847,
      2.7750083979999545,
      2.7657101199999943,
      2.8316794319998735,
      2.8781543339998734,
      2.7795891020000454,
      2.697609322000062,
      2.5187589959998604
    ],
    "accuracies": [
      1.0,
      1.0,
      1.0,
      1.0,
      1.0,
      1.0,
      1.0,
      1.0,
      1.0,
      1.0
    ],
    "losses": [
      0.12699934556420656,
      0.049337367863751105,
      0.028314600369301432,
      0.01896275216070476,
      0.014038235523692091,
      0.010970281707771376,
      0.008949048964077574,
      0.007499999887549223,
      0.0064570686073745324,
      0.0056472325408042255
    ],
    "message_sizes_kb": [
      115.15625,
      115.15625,
      115.15625,
      92.125,
      92.125,
      92.125,
      92.125,
      92.125,
      92.125,
      92.125
    ],
    "zkp_gen_times": [
      0.003310166999881403,
      0.001956036000365202,
      0.002072544999919046,
      0.002730423000002702,
      0.0027847070002735563,
      0.003124701999922763,
      0.02530043399974602,
      0.002887922999661896,
      0.0033602610001253197,
      0.0025794459997996455
    ],
    "zkp_ver_times": [
      0.0007159279996358237,
      0.0006846850001238636,
      0.0007235120001496398,
      0.0006857169996692392,
      0.0006774129994937539,
      0.0008131810000122641,
      0.0007658360000277753,
      0.0007181920004768472,
      0.020277578000104768,
      0.0006545710000409599
    ],
    "he_encrypt_times": [
      1.1623559420004312,
      1.1205578800002058,
      1.1389892100000907,
      0.9259065089997875,
      0.9164962790002846,
      0.9136628960000053,
      0.9393732739997631,
      0.948879924999801,
      0.8960334739997506,
      0.8707921269999588
    ],
    "he_aggregate_times": [
      6.579000000783708e-05,
      5.910000004405447e-05,
      5.35099998160149e-05,
      4.6736000058444915e-05,
      4.8504000005777925e-05,
      4.66840001536184e-05,
      4.70279999262857e-05,
      4.8883999852478155e-05,
      4.4560000105775543e-05,
      4.342199986240303e-05
    ],
    "he_decrypt_times": [
      0.11107489400001214,
      0.11861635800005388,
      0.11367447800012087,
      0.11166019399979632,
      0.11661941800002751,
      0.11975902199992561,
      0.10984819200007223,
      0.1214020550000896,
      0.10743118200002755,
      0.11116354000000683
    ],
    "malicious_detected": [
      0,
      0,
      0,
      1,
      1,
      1,
      1,
      1,
      1,
      1
    ],
    "zkp_proof_sizes": [
      36000,
      36000,
      36000,
      28800,
      28800,
      28800,
      28800,
      28800,
      28800,
      28800
    ],
    "he_reconstruction_errors": [
      0.0005332784041074133,
      0.0001617333733572222,
      9.397545175447584e-05,
      6.219126506103051e-05,
      5.041898670358636e-05,
      3.769961861173151e-05,
      3.199094738787649e-05,
      2.716113414477573e-05,
      2.2926713574797514e-05,
      2.008016729740863e-05
    ]
  },
  "ablation_malicious": [
    {
      "n_malicious": 0,
      "final_accuracy": 1.0,
      "final_loss": 0.014160045668955498,
      "detection_rate": 1.0,
      "false_positive_count": 0,
      "total_detected": 0,
      "total_malicious_updates": 0
    },
    {
      "n_malicious": 1,
      "final_accuracy": 1.0,
      "final_loss": 0.01684937708368433,
      "detection_rate": 1.0,
      "false_positive_count": 0,
      "total_detected": 3,
      "total_malicious_updates": 3
    },
    {
      "n_malicious": 2,
      "final_accuracy": 1.0,
      "final_loss": 0.021848828416857514,
      "detection_rate": 1.0,
      "false_positive_count": 0,
      "total_detected": 6,
      "total_malicious_updates": 6
    },
    {
      "n_malicious": 3,
      "final_accuracy": 1.0,
      "final_loss": 0.022184181678547424,
      "detection_rate": 1.0,
      "false_positive_count": 0,
      "total_detected": 9,
      "total_malicious_updates": 9
    }
  ],
  "ablation_threshold": [
    {
      "threshold": 1.0,
      "final_accuracy": 1.0,
      "final_loss": 0.012716703723821584,